name,email,department,location,age
Donald OConnell,DOCONNEL@gmail.com,Recharges,Tokyo,28
Douglas Grant,DGRANT@gmail.com,Recharges,Jakarta,27
Jennifer Whalen,JWHALEN@gmail.com,Mall,Delhi,23
Michael Hartstein,MHARTSTE@gmail.com,Mall,Mumbai,23
Pat Fay,PFAY@gmail.com,OE,Manila,23
Susan Mavris,SMAVRIS@gmail.com,OE,Shanghai,19
Hermann Baer,HBAER@gmail.com,OE,Paulo,27
Shelley Higgins,SHIGGINS@gmail.com,OE,Seoul,27
William Gietz,WGIETZ@gmail.com,PG,Mexico City,25
Steven King,SKING@gmail.com,PG,Guangzhou,19
Neena Kochhar,NKOCHHAR@gmail.com,PG,Beijing,27
Lex De Haan,LDEHAAN@gmail.com,Promo,Cairo,27
Alexander Hunold,AHUNOLD@gmail.com,Promo,New York,26
Bruce Ernst,BERNST@gmail.com,Promo,Kolkata,22
David Austin,DAUSTIN@gmail.com,Promo,Moscow,27
Valli Pataballa,VPATABAL@gmail.com,Promo,Bangkok,22
Diana Lorentz,DLORENTZ@gmail.com,Promo,Buenos Aires,29
Nancy Greenberg,NGREENBE@gmail.com,Commerce,Shenzhen,20
Daniel Faviet,DFAVIET@gmail.com,Commerce,Dhaka,29
John Chen,JCHEN@gmail.com,Lending-LOS,Lagos,30
Ismael Sciarra,ISCIARRA@gmail.com,Lending-LOS,Istanbul,29
Jose Manuel Urman,JMURMAN@gmail.com,Lending-LOS,Alasaka,30
Luis Popp,LPOPP@gmail.com,Lending-LOS,Karachi,21
Den Raphaely,DRAPHEAL@gmail.com,Lending-LOS,Bangalore,21
Alexander Khoo,AKHOO@gmail.com,Lending-LOS,Tehran,20
Shelli Baida,SBAIDA@gmail.com,Lending-LOS,Kinshasa,21
Sigal Tobias,STOBIAS@gmail.com,Lending-LOS,Ho Chi Minh City,24
Guy Himuro,GHIMURO@gmail.com,Lending-LOS,Los Angeles,25
Karen Colmenares,KCOLMENA@gmail.com,Lending-LOS,Rio de Janeiro,22
Matthew Weiss,MWEISS@gmail.com,Lending-LOS,Nanyang,19
Adam Fripp,AFRIPP@gmail.com,Lending-LOS,Baoding,27
Payam Kaufling,PKAUFLIN@gmail.com,Lending-LOS,Chennai,26
Shanta Vollman,SVOLLMAN@gmail.com,Lending-LOS,Chengdu,30
Kevin Mourgos,KMOURGOS@gmail.com,Fastag-Issuer,Lahore,28
Julia Nayer,JNAYER@gmail.com,Fastag-Issuer,Paris,20
Irene Mikkilineni,IMIKKILI@gmail.com,Fastag-Issuer,London,28
James Landry,JLANDRY@gmail.com,Fastag-Acquirer,Linyi,30
Steven Markle,SMARKLE@gmail.com,Fastag-Acquirer,Tianjin,27
Laura Bissot,LBISSOT@gmail.com,Fastag-Acquirer,Shijiazhuang,25
Mozhe Atkinson,MATKINSO@gmail.com,Devices Tech,Zhoukou,24
James Marlow,JAMRLOW@gmail.com,Devices Tech,Lima,25
TJ Olson,TJOLSON@gmail.com,PML,Hyderabad,20
Jason Mallin,JMALLIN@gmail.com,PML,Handan,26
Michael Rogers,MROGERS@gmail.com,PML,Bogota,29
Ki Gee,KGEE@gmail.com,Travel,Weifang,29
Hazel Philtanker,HPHILTAN@gmail.com,Travel,Nagoya,21
Renske Ladwig,RLADWIG@gmail.com,Travel,Wuhan,19
Stephen Stiles,SSTILES@gmail.com,Travel,Heze,22
John Seo,JSEO@gmail.com,Travel,Ganzhou,26
Joshua Patel,JPATEL@gmail.com,Travel,Tongshan,23
